{
  "credit": "Made with Blockbench",
  "texture_size": [
    64,
    64
  ],
  "elements": [
    {
      "name": "Head",
      "from": [
        -4,
        28,
        -4
      ],
      "to": [
        4,
        31,
        4
      ],
      "faces": {
        "north": {
          "uv": [
            2,
            2,
            4,
            2.75
          ],
          "texture": "#1"
        },
        "east": {
          "uv": [
            0,
            2,
            2,
            2.75
          ],
          "texture": "#1"
        },
        "south": {
          "uv": [
            6,
            2,
            8,
            2.75
          ],
          "texture": "#1"
        },
        "west": {
          "uv": [
            4,
            2,
            6,
            2.75
          ],
          "texture": "#1"
        },
        "up": {
          "uv": [
            4,
            2,
            2,
            0
          ],
          "texture": "#1"
        },
        "down": {
          "uv": [
            6,
            0,
            4,
            2
          ],
          "texture": "#1"
        }
      }
    },
    {
      "name": "Hat Layer",
      "from": [
        -4.5,
        23,
        -4.5
      ],
      "to": [
        4.5,
        32,
        4.5
      ],
      "faces": {
        "north": {
          "uv": [
            10,
            2,
            12,
            4
          ],
          "texture": "#1"
        },
        "east": {
          "uv": [
            8,
            2,
            10,
            4
          ],
          "texture": "#1"
        },
        "south": {
          "uv": [
            14,
            2,
            16,
            4
          ],
          "texture": "#1"
        },
        "west": {
          "uv": [
            12,
            2,
            14,
            4
          ],
          "texture": "#1"
        },
        "up": {
          "uv": [
            12,
            2,
            10,
            0
          ],
          "texture": "#1"
        },
        "down": {
          "uv": [
            14,
            0,
            12,
            2
          ],
          "texture": "#1"
        }
      }
    },
    {
      "from": [
        2,
        26,
        -4
      ],
      "to": [
        4,
        28,
        -2
      ],
      "rotation": {
        "angle": 0,
        "axis": "y",
        "origin": [
          0,
          24,
          0
        ]
      },
      "faces": {
        "north": {
          "uv": [
            0.5,
            1.5,
            1,
            2
          ],
          "texture": "#1"
        },
        "east": {
          "uv": [
            0,
            1.5,
            0.5,
            2
          ],
          "texture": "#1"
        },
        "south": {
          "uv": [
            1.5,
            1.5,
            2,
            2
          ],
          "texture": "#1"
        },
        "west": {
          "uv": [
            1,
            1.5,
            1.5,
            2
          ],
          "texture": "#1"
        },
        "up": {
          "uv": [
            1,
            1.5,
            0.5,
            1
          ],
          "texture": "#1"
        },
        "down": {
          "uv": [
            1.5,
            1,
            1,
            1.5
          ],
          "texture": "#1"
        }
      }
    },
    {
      "from": [
        -4,
        26,
        -4
      ],
      "to": [
        -2,
        28,
        -2
      ],
      "rotation": {
        "angle": 0,
        "axis": "y",
        "origin": [
          0,
          24,
          0
        ]
      },
      "faces": {
        "north": {
          "uv": [
            0.5,
            0.5,
            1,
            1
          ],
          "texture": "#1"
        },
        "east": {
          "uv": [
            0,
            0.5,
            0.5,
            1
          ],
          "texture": "#1"
        },
        "south": {
          "uv": [
            1.5,
            0.5,
            2,
            1
          ],
          "texture": "#1"
        },
        "west": {
          "uv": [
            1,
            0.5,
            1.5,
            1
          ],
          "texture": "#1"
        },
        "up": {
          "uv": [
            1,
            0.5,
            0.5,
            0
          ],
          "texture": "#1"
        },
        "down": {
          "uv": [
            1.5,
            0,
            1,
            0.5
          ],
          "texture": "#1"
        }
      }
    },
    {
      "name": "Body",
      "from": [
        -4,
        12,
        -2
      ],
      "to": [
        4,
        24,
        2
      ],
      "faces": {
        "north": {
          "uv": [
            1,
            3.75,
            3,
            6.75
          ],
          "texture": "#1"
        },
        "east": {
          "uv": [
            0,
            3.75,
            1,
            6.75
          ],
          "texture": "#1"
        },
        "south": {
          "uv": [
            4,
            3.75,
            6,
            6.75
          ],
          "texture": "#1"
        },
        "west": {
          "uv": [
            3,
            3.75,
            4,
            6.75
          ],
          "texture": "#1"
        },
        "up": {
          "uv": [
            3,
            3.75,
            1,
            2.75
          ],
          "texture": "#1"
        },
        "down": {
          "uv": [
            5,
            2.75,
            3,
            3.75
          ],
          "texture": "#1"
        }
      }
    },
    {
      "name": "Body Layer",
      "from": [
        -4.25,
        11.75,
        -2.25
      ],
      "to": [
        4.25,
        24.25,
        2.25
      ],
      "faces": {
        "north": {
          "uv": [
            5,
            9,
            7,
            12
          ],
          "texture": "#1"
        },
        "east": {
          "uv": [
            4,
            9,
            5,
            12
          ],
          "texture": "#1"
        },
        "south": {
          "uv": [
            8,
            9,
            10,
            12
          ],
          "texture": "#1"
        },
        "west": {
          "uv": [
            7,
            9,
            8,
            12
          ],
          "texture": "#1"
        },
        "up": {
          "uv": [
            7,
            9,
            5,
            8
          ],
          "texture": "#1"
        },
        "down": {
          "uv": [
            9,
            8,
            7,
            9
          ],
          "texture": "#1"
        }
      }
    },
    {
      "name": "Right Arm",
      "from": [
        4,
        17,
        -2
      ],
      "to": [
        8,
        24,
        2
      ],
      "faces": {
        "north": {
          "uv": [
            9,
            1,
            10,
            2.75
          ],
          "texture": "#1"
        },
        "east": {
          "uv": [
            8,
            1,
            9,
            2.75
          ],
          "texture": "#1"
        },
        "south": {
          "uv": [
            11,
            1,
            12,
            2.75
          ],
          "texture": "#1"
        },
        "west": {
          "uv": [
            10,
            1,
            11,
            2.75
          ],
          "texture": "#1"
        },
        "up": {
          "uv": [
            10,
            1,
            9,
            0
          ],
          "texture": "#1"
        },
        "down": {
          "uv": [
            11,
            0,
            10,
            1
          ],
          "texture": "#1"
        }
      }
    },
    {
      "name": "Right Arm Layer",
      "from": [
        3.75,
        11.75,
        -2.25
      ],
      "to": [
        8.25,
        24.25,
        2.25
      ],
      "faces": {
        "north": {
          "uv": [
            11,
            9,
            12,
            12
          ],
          "texture": "#1"
        },
        "east": {
          "uv": [
            10,
            9,
            11,
            12
          ],
          "texture": "#1"
        },
        "south": {
          "uv": [
            13,
            9,
            14,
            12
          ],
          "texture": "#1"
        },
        "west": {
          "uv": [
            12,
            9,
            13,
            12
          ],
          "texture": "#1"
        },
        "up": {
          "uv": [
            12,
            9,
            11,
            8
          ],
          "texture": "#1"
        },
        "down": {
          "uv": [
            13,
            8,
            12,
            9
          ],
          "texture": "#1"
        }
      }
    },
    {
      "name": "Left Arm",
      "from": [
        -8,
        17,
        -2
      ],
      "to": [
        -4,
        24,
        2
      ],
      "faces": {
        "north": {
          "uv": [
            7,
            3.75,
            8,
            5.5
          ],
          "texture": "#1"
        },
        "east": {
          "uv": [
            6,
            3.75,
            7,
            5.5
          ],
          "texture": "#1"
        },
        "south": {
          "uv": [
            9,
            3.75,
            10,
            5.5
          ],
          "texture": "#1"
        },
        "west": {
          "uv": [
            8,
            3.75,
            9,
            5.5
          ],
          "texture": "#1"
        },
        "up": {
          "uv": [
            8,
            3.75,
            7,
            2.75
          ],
          "texture": "#1"
        },
        "down": {
          "uv": [
            9,
            2.75,
            8,
            3.75
          ],
          "texture": "#1"
        }
      }
    },
    {
      "name": "Left Arm Layer",
      "from": [
        -8.25,
        11.75,
        -2.25
      ],
      "to": [
        -3.75,
        24.25,
        2.25
      ],
      "faces": {
        "north": {
          "uv": [
            13,
            13,
            14,
            16
          ],
          "texture": "#1"
        },
        "east": {
          "uv": [
            12,
            13,
            13,
            16
          ],
          "texture": "#1"
        },
        "south": {
          "uv": [
            15,
            13,
            16,
            16
          ],
          "texture": "#1"
        },
        "west": {
          "uv": [
            14,
            13,
            15,
            16
          ],
          "texture": "#1"
        },
        "up": {
          "uv": [
            14,
            13,
            13,
            12
          ],
          "texture": "#1"
        },
        "down": {
          "uv": [
            15,
            12,
            14,
            13
          ],
          "texture": "#1"
        }
      }
    },
    {
      "name": "Right Leg",
      "from": [
        -0.1,
        0,
        -2
      ],
      "to": [
        3.9,
        12,
        2
      ],
      "faces": {
        "north": {
          "uv": [
            1,
            7.75,
            2,
            10.75
          ],
          "texture": "#1"
        },
        "east": {
          "uv": [
            0,
            7.75,
            1,
            10.75
          ],
          "texture": "#1"
        },
        "south": {
          "uv": [
            3,
            7.75,
            4,
            10.75
          ],
          "texture": "#1"
        },
        "west": {
          "uv": [
            2,
            7.75,
            3,
            10.75
          ],
          "texture": "#1"
        },
        "up": {
          "uv": [
            2,
            7.75,
            1,
            6.75
          ],
          "texture": "#1"
        },
        "down": {
          "uv": [
            3,
            6.75,
            2,
            7.75
          ],
          "texture": "#1"
        }
      }
    },
    {
      "name": "Right Leg Layer",
      "from": [
        -0.35,
        -0.25,
        -2.25
      ],
      "to": [
        4.15,
        12.25,
        2.25
      ],
      "faces": {
        "north": {
          "uv": [
            1,
            9,
            2,
            12
          ],
          "texture": "#1"
        },
        "east": {
          "uv": [
            0,
            9,
            1,
            12
          ],
          "texture": "#1"
        },
        "south": {
          "uv": [
            3,
            9,
            4,
            12
          ],
          "texture": "#1"
        },
        "west": {
          "uv": [
            2,
            9,
            3,
            12
          ],
          "texture": "#1"
        },
        "up": {
          "uv": [
            2,
            9,
            1,
            8
          ],
          "texture": "#1"
        },
        "down": {
          "uv": [
            3,
            8,
            2,
            9
          ],
          "texture": "#1"
        }
      }
    },
    {
      "name": "Left Leg",
      "from": [
        -3.9,
        0,
        -2
      ],
      "to": [
        0.1,
        12,
        2
      ],
      "faces": {
        "north": {
          "uv": [
            6,
            6.75,
            7,
            9.75
          ],
          "texture": "#1"
        },
        "east": {
          "uv": [
            5,
            6.75,
            6,
            9.75
          ],
          "texture": "#1"
        },
        "south": {
          "uv": [
            8,
            6.75,
            9,
            9.75
          ],
          "texture": "#1"
        },
        "west": {
          "uv": [
            7,
            6.75,
            8,
            9.75
          ],
          "texture": "#1"
        },
        "up": {
          "uv": [
            7,
            6.75,
            6,
            5.75
          ],
          "texture": "#1"
        },
        "down": {
          "uv": [
            8,
            5.75,
            7,
            6.75
          ],
          "texture": "#1"
        }
      }
    },
    {
      "name": "Left Leg Layer",
      "from": [
        -4.15,
        -0.25,
        -2.25
      ],
      "to": [
        0.35,
        12.25,
        2.25
      ],
      "faces": {
        "north": {
          "uv": [
            1,
            13,
            2,
            16
          ],
          "texture": "#1"
        },
        "east": {
          "uv": [
            0,
            13,
            1,
            16
          ],
          "texture": "#1"
        },
        "south": {
          "uv": [
            3,
            13,
            4,
            16
          ],
          "texture": "#1"
        },
        "west": {
          "uv": [
            2,
            13,
            3,
            16
          ],
          "texture": "#1"
        },
        "up": {
          "uv": [
            2,
            13,
            1,
            12
          ],
          "texture": "#1"
        },
        "down": {
          "uv": [
            3,
            12,
            2,
            13
          ],
          "texture": "#1"
        }
      }
    }
  ],
  "groups": [
    {
      "name": "Head",
      "origin": [
        0,
        24,
        0
      ],
      "color": 0,
      "children": [
        0,
        1,
        2,
        3
      ]
    },
    {
      "name": "Body",
      "origin": [
        0,
        24,
        0
      ],
      "color": 0,
      "children": [
        4,
        5
      ]
    },
    {
      "name": "RightArm",
      "origin": [
        5,
        22,
        0
      ],
      "color": 0,
      "children": [
        6,
        7
      ]
    },
    {
      "name": "LeftArm",
      "origin": [
        -5,
        22,
        0
      ],
      "color": 0,
      "children": [
        8,
        9
      ]
    },
    {
      "name": "RightLeg",
      "origin": [
        1.9,
        12,
        0
      ],
      "color": 0,
      "children": [
        10,
        11
      ]
    },
    {
      "name": "LeftLeg",
      "origin": [
        -1.9,
        12,
        0
      ],
      "color": 0,
      "children": [
        12,
        13
      ]
    }
  ]
}