{
  "display": {
    "icon": {
      "item": "cloth:cloth_helmet"
    },
    "title": {
      "translate": "advancements.softtime.title"
    },
    "description": {
      "translate": "advancements.softtime.descr"
    },
    "frame": "task",
    "show_toast": true,
    "announce_to_chat": true,
    "hidden": false
  },
  "criteria": {
    "softtime": {
      "trigger": "minecraft:inventory_changed",
      "conditions": {
        "items": [
          {
            "items": [
              "cloth:cloth_helmet"
            ],
            "count": {
              "min": 1,
              "max": 1
            }
          }
        ]
      }
    }
  },
  "parent": "minecraft:story/obtain_armor"
}