{
  "_fv": 39,
  "_type": "armor",
  "definition": {
    "enableHelmet": true,
    "textureHelmet": "cloth_head",
    "enableBody": true,
    "textureBody": "cloth_body",
    "enableLeggings": true,
    "textureLeggings": "cloth_leggings",
    "enableBoots": true,
    "textureBoots": "cloth_boots",
    "onHelmetTick": {
      "name": "ClothHelmetTickEvent"
    },
    "onBodyTick": {
      "name": "ClothHelmetTickEvent"
    },
    "onLeggingsTick": {
      "name": "ClothHelmetTickEvent"
    },
    "onBootsTick": {
      "name": "ClothHelmetTickEvent"
    },
    "creativeTab": {
      "value": "COMBAT"
    },
    "armorTextureFile": "cloth",
    "helmetName": "Cloth Helmet",
    "bodyName": "Cloth Body",
    "leggingsName": "Cloth Leggings",
    "bootsName": "Cloth Boots",
    "helmetSpecialInfo": [],
    "bodySpecialInfo": [],
    "leggingsSpecialInfo": [],
    "bootsSpecialInfo": [],
    "helmetModelName": "Default",
    "helmetModelPart": "Helmet",
    "helmetModelTexture": "From armor",
    "bodyModelName": "Default",
    "bodyModelPart": "Body",
    "armsModelPartL": "Arms L",
    "armsModelPartR": "Arms R",
    "bodyModelTexture": "From armor",
    "leggingsModelName": "Default",
    "leggingsModelPartL": "Leggings L",
    "leggingsModelPartR": "Leggings R",
    "leggingsModelTexture": "From armor",
    "bootsModelName": "Default",
    "bootsModelPartL": "Boots L",
    "bootsModelPartR": "Boots R",
    "bootsModelTexture": "From armor",
    "helmetItemRenderType": 1,
    "helmetItemCustomModelName": "model_-_converted_-_converted_-_converted:default",
    "bodyItemRenderType": 1,
    "bodyItemCustomModelName": "model_-_converted_-_converted_-_converted:default",
    "leggingsItemRenderType": 1,
    "leggingsItemCustomModelName": "model_-_converted_-_converted_-_converted:cloth",
    "bootsItemRenderType": 1,
    "bootsItemCustomModelName": "model_-_converted_-_converted_-_converted:default",
    "helmetImmuneToFire": false,
    "bodyImmuneToFire": false,
    "leggingsImmuneToFire": false,
    "bootsImmuneToFire": false,
    "maxDamage": 30,
    "damageValueHelmet": 2,
    "damageValueBody": 2,
    "damageValueLeggings": 2,
    "damageValueBoots": 2,
    "enchantability": 9,
    "toughness": 0.0,
    "knockbackResistance": 0.0,
    "equipSound": {
      "value": "item.armor.equip_leather"
    },
    "repairItems": [
      {
        "value": "Items.LEATHER"
      }
    ]
  }
}