{
  "_fv": 39,
  "_type": "achievement",
  "definition": {
    "achievementName": "Softtime",
    "achievementDescription": "get all the cloth armor",
    "achievementIcon": {
      "value": "CUSTOM:Cloth.helmet"
    },
    "background": "Default",
    "disableDisplay": false,
    "showPopup": true,
    "announceToChat": true,
    "hideIfNotCompleted": false,
    "rewardLoot": [],
    "rewardRecipes": [],
    "rewardFunction": "No function",
    "rewardXP": 0,
    "achievementType": "task",
    "parent": {
      "value": "story/obtain_armor"
    },
    "triggerxml": "<xml xmlns=\"https://developers.google.com/blockly/xml\"><block type=\"item_in_inventory\" x=\"38\" y=\"98\"><value name=\"amount_l\"><block type=\"math_number\"><field name=\"NUM\">1</field></block></value><value name=\"amount_h\"><block type=\"math_number\"><field name=\"NUM\">1</field></block></value><value name=\"item\"><block type=\"mcitem_all\"><field name=\"value\">CUSTOM:Cloth.helmet</field></block></value><next><block type=\"advancement_trigger\" deletable=\"false\"></block></next></block><block type=\"item_in_inventory\" x=\"13\" y=\"154\"><value name=\"amount_l\"><block type=\"math_number\"><field name=\"NUM\">1</field></block></value><value name=\"amount_h\"><block type=\"math_number\"><field name=\"NUM\">1</field></block></value><value name=\"item\"><block type=\"mcitem_all\"><field name=\"value\">CUSTOM:Cloth.body</field></block></value></block><block type=\"item_in_inventory\" x=\"-59\" y=\"192\"><value name=\"amount_l\"><block type=\"math_number\"><field name=\"NUM\">1</field></block></value><value name=\"amount_h\"><block type=\"math_number\"><field name=\"NUM\">1</field></block></value><value name=\"item\"><block type=\"mcitem_all\"><field name=\"value\">CUSTOM:Cloth.legs</field></block></value></block><block type=\"item_in_inventory\" x=\"31\" y=\"220\"><value name=\"amount_l\"><block type=\"math_number\"><field name=\"NUM\">1</field></block></value><value name=\"amount_h\"><block type=\"math_number\"><field name=\"NUM\">1</field></block></value><value name=\"item\"><block type=\"mcitem_all\"><field name=\"value\">CUSTOM:Cloth.boots</field></block></value></block></xml>"
  }
}